ip范围	位置
58.196.128.0-58.196.191.255	上海市 上海交通大学
59.78.0.0-59.78.1.255	上海交通大学闵行校区 东1楼
59.78.2.0-59.78.2.21	上海交通大学闵行校区 D02
59.78.2.22	上海交通大学闵行校区 D02-507
59.78.2.23-59.78.2.43	上海交通大学闵行校区 D02
59.78.2.44	上海交通大学闵行校区 D02-806
59.78.2.45-59.78.2.255	上海交通大学闵行校区 D02
59.78.3.0-59.78.3.3	上海交通大学闵行校区 D3楼
59.78.3.4	上海交通大学闵行校区 D3楼607室
59.78.3.5-59.78.3.6	上海交通大学闵行校区 D3楼
59.78.3.7	上海交通大学闵行校区 D3楼604室
59.78.3.8	上海交通大学闵行校区 D3楼
59.78.3.9	上海交通大学闵行校区 D3楼605室
59.78.3.10-59.78.3.11	上海交通大学闵行校区 D3楼
59.78.3.12	上海交通大学闵行校区 D3楼606室
59.78.3.13-59.78.3.27	上海交通大学闵行校区 D3楼
59.78.3.28	上海交通大学闵行校区 D3楼603室
59.78.3.29-59.78.3.255	上海交通大学闵行校区 D3楼
59.78.4.0-59.78.4.255	上海交通大学闵行校区 D4楼
59.78.5.0-59.78.5.255	上海交通大学闵行校区 D5楼
59.78.6.0-59.78.6.56	上海交通大学闵行校区 D6楼
59.78.6.57	上海交通大学闵行校区 D6楼405
59.78.6.58-59.78.6.255	上海交通大学闵行校区 D6楼
59.78.7.0-59.78.7.255	上海交通大学闵行校区 D7楼
59.78.8.0-59.78.8.255	上海交通大学闵行校区 D8楼
59.78.9.0-59.78.9.255	上海交通大学闵行校区 D9楼
59.78.10.0-59.78.10.255	上海交通大学闵行校区 D10楼
59.78.11.0-59.78.12.255	上海交通大学闵行校区 D11楼
59.78.13.0-59.78.13.255	上海交通大学闵行校区 D12楼
59.78.14.0-59.78.15.255	上海交通大学闵行校区 D13楼
59.78.16.0-59.78.16.62	上海交通大学闵行校区 D14楼
59.78.16.63	上海交通大学闵行校区 D14楼604
59.78.16.64-59.78.16.255	上海交通大学闵行校区 D14楼
59.78.17.0-59.78.17.255	上海交通大学闵行校区
59.78.18.0-59.78.19.255	上海交通大学闵行校区 D15楼
59.78.20.0-59.78.20.36	上海交通大学闵行校区 D17楼
59.78.20.37	上海交通大学闵行校区 D17楼507
59.78.20.38-59.78.20.72	上海交通大学闵行校区 D17楼
59.78.20.73	上海交通大学闵行校区 D17楼507
59.78.20.74-59.78.20.255	上海交通大学闵行校区 D17楼
59.78.21.0-59.78.22.5	上海交通大学闵行校区
59.78.22.6	上海交通大学闵行校区 D18-311
59.78.22.7-59.78.22.19	上海交通大学闵行校区
59.78.22.20	上海交通大学闵行校区 D18-311
59.78.22.21-59.78.22.67	上海交通大学闵行校区
59.78.22.68	上海交通大学闵行校区 D18-326
59.78.22.69-59.78.22.138	上海交通大学闵行校区
59.78.22.139	上海交通大学闵行校区 D18-311
59.78.22.140-59.78.22.142	上海交通大学闵行校区
59.78.22.143	上海交通大学闵行校区 D18-311
59.78.22.144-59.78.22.255	上海交通大学闵行校区
59.78.23.0-59.78.23.255	上海交通大学闵行校区 D18楼
59.78.24.0-59.78.26.255	上海交通大学闵行校区 D16楼
59.78.27.0-59.78.29.255	上海交通大学闵行校区 D19楼
59.78.30.0-59.78.31.255	上海交通大学闵行校区 D20楼
59.78.32.0-59.78.32.255	上海交通大学闵行校区
59.78.33.0-59.78.33.127	上海交通大学闵行校区 D21楼
59.78.33.128-59.78.33.255	上海交通大学闵行校区 D23楼
59.78.34.0-59.78.34.8	上海交通大学闵行校区
59.78.34.9	上海交通大学闵行校区 东区23幢105
59.78.34.10-59.78.34.255	上海交通大学闵行校区
59.78.35.0-59.78.35.255	上海交通大学闵行校区 D22
59.78.36.0-59.78.36.255	上海交通大学闵行校区 D22楼
59.78.37.0-59.78.38.255	上海交通大学闵行校区 D24楼
59.78.39.0-59.78.39.255	上海交通大学闵行校区
59.78.40.0-59.78.40.32	上海交通大学闵行校区 D25
59.78.40.33	上海交通大学闵行校区 D25-517
59.78.40.34-59.78.40.142	上海交通大学闵行校区 D25
59.78.40.143-59.78.40.144	上海交通大学闵行校区 D27-207
59.78.40.145-59.78.40.211	上海交通大学闵行校区 D25
59.78.40.212	上海交通大学 钱学森图书馆六楼
59.78.40.213-59.78.40.255	上海交通大学闵行校区 D25
59.78.41.0-59.78.41.61	上海交通大学闵行校区 D27楼
59.78.41.62	上海交通大学闵行校区 D27-312
59.78.41.63-59.78.41.255	上海交通大学闵行校区 D27楼
59.78.42.0-59.78.42.147	上海交通大学闵行校区 D26楼
59.78.42.148	上海交通大学闵行校区 D26-411
59.78.42.149-59.78.45.255	上海交通大学闵行校区 D26楼
59.78.46.0-59.78.47.127	上海交通大学闵行校区 南11栋
59.78.47.128-59.78.48.167	上海交通大学闵行校区 南13栋
59.78.48.168	上海交通大学闵行校区 南13栋514
59.78.48.169-59.78.48.170	上海交通大学闵行校区 南13栋
59.78.48.171	上海交通大学闵行校区 南13栋514
59.78.48.172-59.78.48.255	上海交通大学闵行校区 南13栋
59.78.49.0-59.78.49.255	上海交通大学闵行校区 南12栋
59.78.50.0-59.78.50.255	上海交通大学闵行校区 南14栋
59.78.51.0-59.78.51.114	上海交通大学闵行校区 南15栋
59.78.51.115	上海交通大学闵行校区 南15-608
59.78.51.116	上海交通大学闵行校区 南15栋
59.78.51.117	上海交通大学闵行校区 南15-609
59.78.51.118-59.78.51.255	上海交通大学闵行校区 南15栋
59.78.52.0-59.78.53.127	上海交通大学闵行校区 南16栋
59.78.53.128-59.78.54.152	上海交通大学闵行校区 南23栋
59.78.54.153	上海交通大学闵行校区 南23栋508
59.78.54.154-59.78.54.255	上海交通大学闵行校区 南23栋
59.78.55.0-59.78.55.255	上海交通大学闵行校区 南17栋
59.78.56.0-59.78.57.127	上海交通大学闵行校区 南19栋
59.78.57.128-59.78.58.255	上海交通大学闵行校区 南21栋
59.78.59.0-59.78.59.255	上海交通大学闵行校区 南20栋
59.78.60.0-59.78.60.255	上海交通大学闵行校区 南22栋
59.78.61.0-59.78.61.255	上海交通大学闵行校区 南24栋
59.78.62.0-59.78.63.255	上海交通大学闵行校区 南18栋
59.78.112.0-59.78.127.255	上海市 上海交通大学医学院
111.186.0.0-111.186.63.255	上海市 上海交通大学
175.185.16.0-175.185.31.255	上海市 上海交通大学医学院
202.38.135.0-202.38.135.255	上海市 上海交通大学
202.112.26.0-202.112.26.255	上海交通大学
202.120.0.0-202.120.0.255	上海交通大学
202.120.1.0-202.120.1.255	上海交通大学 计算中心
202.120.2.0-202.120.2.255	上海交通大学 网络中心
202.120.3.0-202.120.3.255	上海交通大学 浩然
202.120.4.0-202.120.4.255	上海交通大学 总办公厅
202.120.5.0-202.120.5.20	上海交通大学 教三
202.120.5.21	上海交通大学 包兆龙图书馆西厅
202.120.5.22-202.120.5.255	上海交通大学 教三
202.120.6.0-202.120.6.14	上海交通大学 教三/制冷实验室/模具所/塑性成形
202.120.6.15	上海交通大学 纳米科学与技术工程中心
202.120.6.16-202.120.6.35	上海交通大学 教三/制冷实验室/模具所/塑性成形
202.120.6.36	上海交通大学 数据实验室
202.120.6.37-202.120.6.38	上海交通大学 教三楼信息安全实验室
202.120.6.39-202.120.6.255	上海交通大学 教三/制冷实验室/模具所/塑性成形
202.120.7.0-202.120.8.255	上海交通大学 浩然
202.120.9.0-202.120.9.49	上海交通大学 新上院
202.120.9.50	上海交通大学 新上院101
202.120.9.51-202.120.9.255	上海交通大学 新上院
202.120.10.0-202.120.10.84	上海交通大学 工程馆
202.120.10.85	上海交通大学 机械楼
202.120.10.86-202.120.11.255	上海交通大学 工程馆
202.120.12.0-202.120.12.255	上海交通大学 海洋实验室
202.120.13.0-202.120.13.255	上海交通大学 本部图书馆
202.120.14.0-202.120.14.255	上海交通大学 科学馆
202.120.15.0-202.120.15.255	上海交通大学
202.120.16.0-202.120.16.255	上海交通大学 教二
202.120.17.0-202.120.17.255	上海交通大学 国际教育学院
202.120.18.0-202.120.18.255	上海交通大学 教一
202.120.19.0-202.120.19.6	上海交通大学
202.120.19.7	上海交通大学 内燃机研究所
202.120.19.8-202.120.19.66	上海交通大学
202.120.19.67	上海交通大学 汽车电子研究所
202.120.19.68-202.120.19.255	上海交通大学
202.120.20.0-202.120.20.255	上海交通大学 高电压实验室/物资仓库
202.120.21.0-202.120.21.255	上海交通大学
202.120.22.0-202.120.22.255	上海交通大学 中院(徐家汇)
202.120.23.0-202.120.24.255	上海交通大学
202.120.25.0-202.120.25.255	上海交通大学 教三
202.120.26.0-202.120.26.255	上海交通大学 南洋实业
202.120.27.0-202.120.27.255	上海交通大学 出版社
202.120.28.0-202.120.28.230	上海交通大学闵行校区 第7/8宿舍(法华)
202.120.28.231-202.120.29.255	上海交通大学
202.120.30.0-202.120.30.255	上海交通大学 技术学院
202.120.31.0-202.120.33.255	上海交通大学
202.120.34.0-202.120.34.255	上海交通大学 网络学院/新上院
202.120.35.0-202.120.36.212	上海交通大学
202.120.36.213	上海交通大学 电院2号楼
202.120.36.214-202.120.36.244	上海交通大学
202.120.36.245	上海交通大学 电院1号楼530
202.120.36.246-202.120.36.255	上海交通大学
202.120.37.0-202.120.37.255	上海交通大学 电信学院大楼2号楼
202.120.38.0-202.120.38.255	上海交通大学 电院三号楼
202.120.39.0-202.120.39.247	上海交通大学 闵行校区电院群楼
202.120.39.248	上海交通大学 电信学院5号楼202
202.120.39.249-202.120.39.255	上海交通大学 闵行校区电院群楼
202.120.40.0-202.120.40.64	上海交通大学 软件学院
202.120.40.65	上海交通大学 软件工程计算中心
202.120.40.66-202.120.40.89	上海交通大学 软件学院
202.120.40.90	上海交通大学 数字艺术实验室
202.120.40.91	上海交通大学 物流信息系统实验室
202.120.40.92	上海交通大学 软件学院
202.120.40.93-202.120.40.95	上海交通大学 数字医疗实验室
202.120.40.96-202.120.40.123	上海交通大学 软件学院
202.120.40.124	上海交通大学 普式计算实验室(一楼)
202.120.40.125	上海交通大学 软件大楼3号楼1楼教室
202.120.40.126-202.120.40.255	上海交通大学 软件学院
202.120.41.0-202.120.41.255	上海交通大学
202.120.42.0-202.120.42.255	上海交通大学闵行校区 教工宿舍
202.120.43.0-202.120.43.255	上海交通大学闵行校区 铁生馆
202.120.44.0-202.120.44.255	上海交通大学 环境科学楼
202.120.45.0-202.120.45.255	上海交通大学闵行校区 生物楼
202.120.46.0-202.120.46.255	上海交通大学
202.120.47.0-202.120.47.54	上海交通大学 软件学院
202.120.47.55-202.120.47.57	上海交通大学 植物生物技术研发中心(学生实验室)
202.120.47.58-202.120.47.80	上海交通大学 软件学院
202.120.47.81	上海交通大学 网络中心
202.120.47.82-202.120.47.255	上海交通大学 软件学院
202.120.48.0-202.120.48.255	上海交通大学 汽车工程研究院
202.120.49.0	上海交通大学闵行校区 能源楼
202.120.49.1-202.120.49.2	上海交通大学闵行校区 先进热处理与表面改性工程研究中心
202.120.49.3-202.120.49.255	上海交通大学闵行校区 能源楼
202.120.50.0-202.120.50.17	上海交通大学闵行校区 建工楼
202.120.50.18	上海交通大学闵行校区 智能工程结构实验中心
202.120.50.19-202.120.50.21	上海交通大学闵行校区 建工楼
202.120.50.22	上海交通大学闵行校区 电工力学楼
202.120.50.23-202.120.50.42	上海交通大学闵行校区 建工楼
202.120.50.43	上海交通大学闵行校区 船建学院力学系
202.120.50.44-202.120.50.255	上海交通大学闵行校区 建工楼
202.120.51.0-202.120.51.255	上海交通大学闵行校区 化学楼
202.120.52.0-202.120.52.255	上海交通大学闵行校区 物理楼
202.120.53.0-202.120.53.255	上海交通大学闵行校区 机械楼群
202.120.54.0-202.120.54.255	上海交通大学闵行校区 生物楼
202.120.55.0-202.120.55.255	上海交通大学闵行校区
202.120.56.0-202.120.56.255	上海交通大学闵行校区 行政楼
202.120.57.0-202.120.57.25	上海交通大学闵行校区 图书馆
202.120.57.26	上海交通大学闵行校区图书馆本科生阅览室蓝牌 26
202.120.57.27	上海交通大学闵行校区图书馆本科生阅览室蓝牌 27
202.120.57.28	上海交通大学闵行校区图书馆本科生阅览室蓝牌 28
202.120.57.29	上海交通大学闵行校区图书馆本科生阅览室蓝牌 29
202.120.57.30	上海交通大学闵行校区图书馆本科生阅览室蓝牌 30
202.120.57.31	上海交通大学闵行校区图书馆本科生阅览室蓝牌 31
202.120.57.32	上海交通大学闵行校区图书馆本科生阅览室蓝牌 32
202.120.57.33	上海交通大学闵行校区图书馆本科生阅览室蓝牌 33
202.120.57.34	上海交通大学闵行校区图书馆本科生阅览室蓝牌 34
202.120.57.35	上海交通大学闵行校区图书馆本科生阅览室蓝牌 35
202.120.57.36	上海交通大学闵行校区图书馆本科生阅览室蓝牌 36
202.120.57.37	上海交通大学闵行校区图书馆本科生阅览室蓝牌 37
202.120.57.38	上海交通大学闵行校区图书馆本科生阅览室蓝牌 38
202.120.57.39	上海交通大学闵行校区图书馆本科生阅览室蓝牌 39
202.120.57.40	上海交通大学闵行校区图书馆本科生阅览室蓝牌 40
202.120.57.41	上海交通大学闵行校区图书馆本科生阅览室蓝牌 41
202.120.57.42	上海交通大学闵行校区图书馆本科生阅览室蓝牌 42
202.120.57.43	上海交通大学闵行校区图书馆本科生阅览室蓝牌 43
202.120.57.44	上海交通大学闵行校区图书馆本科生阅览室蓝牌 44
202.120.57.45	上海交通大学闵行校区图书馆本科生阅览室蓝牌 45
202.120.57.46	上海交通大学闵行校区图书馆本科生阅览室蓝牌 46
202.120.57.47	上海交通大学闵行校区图书馆本科生阅览室蓝牌 47
202.120.57.48	上海交通大学闵行校区图书馆本科生阅览室蓝牌 48
202.120.57.49	上海交通大学闵行校区图书馆本科生阅览室蓝牌 49
202.120.57.50	上海交通大学闵行校区图书馆本科生阅览室蓝牌 50
202.120.57.51	上海交通大学闵行校区图书馆本科生阅览室蓝牌 51
202.120.57.52	上海交通大学闵行校区图书馆本科生阅览室蓝牌 52
202.120.57.53	上海交通大学闵行校区图书馆本科生阅览室蓝牌 53
202.120.57.54	上海交通大学闵行校区图书馆本科生阅览室蓝牌 54
202.120.57.55	上海交通大学闵行校区图书馆本科生阅览室蓝牌 55
202.120.57.56	上海交通大学闵行校区图书馆本科生阅览室蓝牌 56
202.120.57.57	上海交通大学闵行校区图书馆本科生阅览室蓝牌 57
202.120.57.58	上海交通大学闵行校区图书馆本科生阅览室蓝牌 58
202.120.57.59	上海交通大学闵行校区图书馆本科生阅览室蓝牌 59
202.120.57.60	上海交通大学闵行校区图书馆本科生阅览室蓝牌 60
202.120.57.61	上海交通大学闵行校区图书馆本科生阅览室蓝牌 61
202.120.57.62	上海交通大学闵行校区图书馆本科生阅览室蓝牌 62
202.120.57.63	上海交通大学闵行校区图书馆本科生阅览室蓝牌 63
202.120.57.64	上海交通大学闵行校区图书馆本科生阅览室蓝牌 64
202.120.57.65	上海交通大学闵行校区图书馆本科生阅览室蓝牌 65
202.120.57.66	上海交通大学闵行校区图书馆本科生阅览室蓝牌 66
202.120.57.67	上海交通大学闵行校区图书馆本科生阅览室蓝牌 67
202.120.57.68	上海交通大学闵行校区图书馆本科生阅览室蓝牌 68
202.120.57.69	上海交通大学闵行校区图书馆本科生阅览室蓝牌 69
202.120.57.70	上海交通大学闵行校区图书馆本科生阅览室蓝牌 70
202.120.57.71	上海交通大学闵行校区图书馆本科生阅览室蓝牌 71
202.120.57.72	上海交通大学闵行校区图书馆本科生阅览室蓝牌 72
202.120.57.73	上海交通大学闵行校区图书馆本科生阅览室蓝牌 73
202.120.57.74	上海交通大学闵行校区图书馆本科生阅览室蓝牌 74
202.120.57.75	上海交通大学闵行校区图书馆本科生阅览室蓝牌 75
202.120.57.76	上海交通大学闵行校区图书馆本科生阅览室蓝牌 76
202.120.57.77	上海交通大学闵行校区图书馆本科生阅览室蓝牌 77
202.120.57.78	上海交通大学闵行校区图书馆本科生阅览室蓝牌 78
202.120.57.79	上海交通大学闵行校区图书馆本科生阅览室蓝牌 79
202.120.57.80	上海交通大学闵行校区图书馆本科生阅览室蓝牌 80
202.120.57.81	上海交通大学闵行校区图书馆本科生阅览室蓝牌 81
202.120.57.82	上海交通大学闵行校区图书馆本科生阅览室蓝牌 82
202.120.57.83	上海交通大学闵行校区图书馆本科生阅览室蓝牌 83
202.120.57.84	上海交通大学闵行校区图书馆本科生阅览室蓝牌 84
202.120.57.85	上海交通大学闵行校区图书馆本科生阅览室蓝牌 85
202.120.57.86	上海交通大学闵行校区图书馆本科生阅览室蓝牌 86
202.120.57.87	上海交通大学闵行校区图书馆本科生阅览室蓝牌 87
202.120.57.88	上海交通大学闵行校区图书馆本科生阅览室蓝牌 88
202.120.57.89	上海交通大学闵行校区图书馆本科生阅览室蓝牌 89
202.120.57.90	上海交通大学闵行校区图书馆本科生阅览室蓝牌 90
202.120.57.91	上海交通大学闵行校区图书馆本科生阅览室蓝牌 91
202.120.57.92	上海交通大学闵行校区图书馆本科生阅览室蓝牌 92
202.120.57.93	上海交通大学闵行校区图书馆本科生阅览室蓝牌 93
202.120.57.94	上海交通大学闵行校区图书馆本科生阅览室蓝牌 94
202.120.57.95	上海交通大学闵行校区图书馆本科生阅览室蓝牌 95
202.120.57.96	上海交通大学闵行校区图书馆本科生阅览室蓝牌 96
202.120.57.97	上海交通大学闵行校区图书馆本科生阅览室蓝牌 97
202.120.57.98-202.120.57.100	上海交通大学闵行校区 图书馆
202.120.57.101	上海交通大学闵行校区图书馆本科生阅览室红牌 1
202.120.57.102	上海交通大学闵行校区图书馆本科生阅览室红牌 2
202.120.57.103	上海交通大学闵行校区图书馆本科生阅览室红牌 3
202.120.57.104	上海交通大学闵行校区图书馆本科生阅览室红牌 4
202.120.57.105	上海交通大学闵行校区图书馆本科生阅览室红牌 5
202.120.57.106	上海交通大学闵行校区图书馆本科生阅览室红牌 6
202.120.57.107	上海交通大学闵行校区图书馆本科生阅览室红牌 7
202.120.57.108	上海交通大学闵行校区图书馆本科生阅览室红牌 8
202.120.57.109	上海交通大学闵行校区图书馆本科生阅览室红牌 9
202.120.57.110	上海交通大学闵行校区图书馆本科生阅览室红牌 10
202.120.57.111	上海交通大学闵行校区图书馆本科生阅览室红牌 11
202.120.57.112	上海交通大学闵行校区图书馆本科生阅览室红牌 12
202.120.57.113	上海交通大学闵行校区图书馆本科生阅览室红牌 13
202.120.57.114	上海交通大学闵行校区图书馆本科生阅览室红牌 14
202.120.57.115	上海交通大学闵行校区图书馆本科生阅览室红牌 15
202.120.57.116	上海交通大学闵行校区图书馆本科生阅览室红牌 16
202.120.57.117	上海交通大学闵行校区图书馆本科生阅览室红牌 17
202.120.57.118	上海交通大学闵行校区图书馆本科生阅览室红牌 18
202.120.57.119	上海交通大学闵行校区图书馆本科生阅览室红牌 19
202.120.57.120	上海交通大学闵行校区图书馆本科生阅览室红牌 20
202.120.57.121	上海交通大学闵行校区图书馆本科生阅览室红牌 21
202.120.57.122	上海交通大学闵行校区图书馆本科生阅览室红牌 22
202.120.57.123	上海交通大学闵行校区图书馆本科生阅览室红牌 23
202.120.57.124	上海交通大学闵行校区图书馆本科生阅览室红牌 24
202.120.57.125	上海交通大学闵行校区图书馆本科生阅览室红牌 25
202.120.57.126-202.120.57.150	上海交通大学闵行校区 图书馆
202.120.57.151	上海交通大学闵行校区图书馆本科生阅览室红牌 1
202.120.57.152	上海交通大学闵行校区图书馆本科生阅览室红牌 2
202.120.57.153	上海交通大学闵行校区图书馆本科生阅览室红牌 3
202.120.57.154	上海交通大学闵行校区图书馆本科生阅览室红牌 4
202.120.57.155	上海交通大学闵行校区图书馆本科生阅览室红牌 5
202.120.57.156	上海交通大学闵行校区图书馆本科生阅览室红牌 6
202.120.57.157	上海交通大学闵行校区图书馆本科生阅览室红牌 7
202.120.57.158	上海交通大学闵行校区图书馆本科生阅览室红牌 8
202.120.57.159	上海交通大学闵行校区图书馆本科生阅览室红牌 9
202.120.57.160	上海交通大学闵行校区图书馆本科生阅览室红牌 10
202.120.57.161	上海交通大学闵行校区图书馆本科生阅览室红牌 11
202.120.57.162	上海交通大学闵行校区图书馆本科生阅览室红牌 12
202.120.57.163	上海交通大学闵行校区图书馆本科生阅览室红牌 13
202.120.57.164	上海交通大学闵行校区图书馆本科生阅览室红牌 14
202.120.57.165	上海交通大学闵行校区图书馆本科生阅览室红牌 15
202.120.57.166	上海交通大学闵行校区图书馆本科生阅览室红牌 16
202.120.57.167	上海交通大学闵行校区图书馆本科生阅览室红牌 17
202.120.57.168	上海交通大学闵行校区图书馆本科生阅览室红牌 18
202.120.57.169	上海交通大学闵行校区图书馆本科生阅览室红牌 19
202.120.57.170	上海交通大学闵行校区图书馆本科生阅览室红牌 20
202.120.57.171	上海交通大学闵行校区图书馆本科生阅览室红牌 21
202.120.57.172	上海交通大学闵行校区图书馆本科生阅览室红牌 22
202.120.57.173	上海交通大学闵行校区图书馆本科生阅览室红牌 23
202.120.57.174	上海交通大学闵行校区图书馆本科生阅览室红牌 24
202.120.57.175	上海交通大学闵行校区图书馆本科生阅览室红牌 25
202.120.57.176	上海交通大学闵行校区图书馆本科生阅览室红牌 26
202.120.57.177	上海交通大学闵行校区图书馆本科生阅览室红牌 27
202.120.57.178	上海交通大学闵行校区图书馆本科生阅览室红牌 28
202.120.57.179	上海交通大学闵行校区图书馆本科生阅览室红牌 29
202.120.57.180	上海交通大学闵行校区图书馆本科生阅览室红牌 30
202.120.57.181	上海交通大学闵行校区图书馆本科生阅览室红牌 31
202.120.57.182	上海交通大学闵行校区图书馆本科生阅览室红牌 32
202.120.57.183	上海交通大学闵行校区图书馆本科生阅览室红牌 33
202.120.57.184	上海交通大学闵行校区图书馆本科生阅览室红牌 34
202.120.57.185	上海交通大学闵行校区图书馆本科生阅览室红牌 35
202.120.57.186	上海交通大学闵行校区图书馆本科生阅览室红牌 36
202.120.57.187	上海交通大学闵行校区图书馆本科生阅览室红牌 37
202.120.57.188	上海交通大学闵行校区图书馆本科生阅览室红牌 38
202.120.57.189	上海交通大学闵行校区图书馆本科生阅览室红牌 39
202.120.57.190	上海交通大学闵行校区图书馆本科生阅览室红牌 40
202.120.57.191	上海交通大学闵行校区图书馆本科生阅览室红牌 41
202.120.57.192	上海交通大学闵行校区图书馆本科生阅览室红牌 42
202.120.57.193	上海交通大学闵行校区图书馆本科生阅览室红牌 43
202.120.57.194	上海交通大学闵行校区图书馆本科生阅览室红牌 44
202.120.57.195	上海交通大学闵行校区图书馆本科生阅览室红牌 45
202.120.57.196	上海交通大学闵行校区图书馆本科生阅览室红牌 46
202.120.57.197	上海交通大学闵行校区图书馆本科生阅览室红牌 47
202.120.57.198	上海交通大学闵行校区图书馆本科生阅览室红牌 48
202.120.57.199	上海交通大学闵行校区图书馆本科生阅览室红牌 49
202.120.57.200	上海交通大学闵行校区图书馆本科生阅览室红牌 50
202.120.57.201-202.120.57.219	上海交通大学闵行校区 图书馆
202.120.57.220	上海交通大学闵行校区 图书馆研究生阅览室
202.120.57.221-202.120.57.255	上海交通大学闵行校区 图书馆
202.120.58.0-202.120.58.255	上海交通大学闵行校区
202.120.59.0-202.120.59.255	上海交通大学闵行校区 计算中心
202.120.60.0-202.120.60.255	上海交通大学闵行校区 外语楼
202.120.61.0-202.120.61.140	上海交通大学闵行校区 逸夫科技馆
202.120.61.141	上海交通大学闵行校区 铁生馆
202.120.61.142-202.120.61.255	上海交通大学闵行校区 逸夫科技馆
202.120.62.0-202.120.62.238	上海交通大学闵行校区
202.120.62.239	上海交通大学闵行校区 文选楼232医学院办公室
202.120.62.240-202.120.63.255	上海交通大学闵行校区
202.120.131.0-202.120.131.9	上海交通大学上海第二医学院 中山南一路园区
202.120.131.10	上海交通大学上海第二医学院 中山南一路园区西楼
202.120.131.11-202.120.131.18	上海交通大学上海第二医学院 中山南一路园区
202.120.131.19-202.120.131.20	上海交通大学上海第二医学院 中山南一路园区东楼
202.120.131.21-202.120.131.98	上海交通大学上海第二医学院 中山南一路园区
202.120.131.99-202.120.131.100	上海交通大学上海第二医学院 中山南一路园区东楼
202.120.131.101-202.120.131.108	上海交通大学上海第二医学院 中山南一路园区
202.120.131.109	上海交通大学上海第二医学院 中山南一路园区西楼
202.120.131.110-202.120.131.134	上海交通大学上海第二医学院 中山南一路园区
202.120.131.135	上海交通大学上海第二医学院 中山南一路园区东楼
202.120.131.136-202.120.131.169	上海交通大学上海第二医学院 中山南一路园区
202.120.131.170	上海交通大学上海第二医学院 中山南一路园区东楼
202.120.131.171-202.120.131.173	上海交通大学上海第二医学院 中山南一路园区
202.120.131.174	上海交通大学上海第二医学院 中山南一路园区东楼
202.120.131.175	上海交通大学上海第二医学院 中山南一路园区
202.120.131.176	上海交通大学上海第二医学院 中山南一路园区西楼
202.120.131.177-202.120.131.179	上海交通大学上海第二医学院 中山南一路园区
202.120.131.180	上海交通大学上海第二医学院 中山南一路园区西楼
202.120.131.181	上海交通大学上海第二医学院 中山南一路园区
202.120.131.182-202.120.131.183	上海交通大学上海第二医学院 中山南一路园区东楼
202.120.131.184-202.120.131.185	上海交通大学上海第二医学院 中山南一路园区
202.120.131.186	上海交通大学上海第二医学院 中山南一路园区西楼
202.120.131.187-202.120.131.192	上海交通大学上海第二医学院 中山南一路园区
202.120.131.193	上海交通大学上海第二医学院 中山南一路园区西楼
202.120.131.194-202.120.131.199	上海交通大学上海第二医学院 中山南一路园区
202.120.131.200	上海交通大学上海第二医学院 中山南一路园区西楼
202.120.131.201-202.120.131.218	上海交通大学上海第二医学院 中山南一路园区
202.120.131.219	上海交通大学上海第二医学院 中山南一路园区西楼
202.120.131.220-202.120.131.225	上海交通大学上海第二医学院 中山南一路园区
202.120.131.226	上海交通大学上海第二医学院 中山南一路园区西楼
202.120.131.227-202.120.131.255	上海交通大学上海第二医学院 中山南一路园区
202.120.132.0-202.120.132.255	上海交通大学上海第二医学院 合肥路女生公寓
202.120.133.0-202.120.133.255	上海交通大学上海第二医学院 嘉宾楼
202.120.134.0-202.120.134.255	上海交通大学上海第二医学院 留学生楼
202.120.136.0-202.120.136.255	上海交通大学上海第二医学院 嘉宾楼
202.120.139.0-202.120.139.255	上海交通大学上海第二医学院 西区
202.120.142.0-202.120.142.255	上海交通大学 本部
202.120.143.0-202.120.143.255	上海交通大学上海第二医学院 图书馆
202.120.202.0-202.120.203.255	上海市 上海交通大学
202.121.176.0-202.121.179.255	上海交通大学七宝校区 上海农学院
202.121.180.0-202.121.180.80	上海交通大学七宝校区 第1宿舍
202.121.180.81-202.121.180.160	上海交通大学七宝校区 第3宿舍
202.121.180.161-202.121.180.240	上海交通大学七宝校区 第2宿舍
202.121.180.241-202.121.180.255	上海交通大学七宝校区
202.121.181.0-202.121.181.127	上海交通大学七宝校区 第4宿舍
202.121.181.128-202.121.181.255	上海交通大学七宝校区
202.121.182.0-202.121.182.240	上海交通大学七宝校区 第6宿舍
202.121.182.241-202.121.182.255	上海交通大学七宝校区
202.121.183.0-202.121.183.255	上海交通大学七宝校区 农学院
211.80.30.0-211.80.31.255	上海交通大学
211.80.32.0-211.80.34.63	上海交通大学 研一楼
211.80.34.64-211.80.34.128	上海交通大学 研二楼
211.80.34.129-211.80.34.205	上海交通大学 3号楼1-2楼
211.80.34.206	上海交通大学 2号楼1709室
211.80.34.207-211.80.34.255	上海交通大学 3号楼1-2楼
211.80.35.0-211.80.36.255	上海交通大学 研二楼
211.80.37.0-211.80.37.110	上海交通大学 3号楼1-2楼
211.80.37.111	上海交通大学 研究生3号楼414
211.80.37.112-211.80.37.158	上海交通大学 3号楼1-2楼
211.80.37.159	上海交通大学 研3号楼409
211.80.37.160-211.80.37.167	上海交通大学 3号楼1-2楼
211.80.37.168	上海交通大学 3号楼6楼
211.80.37.169-211.80.37.255	上海交通大学 3号楼1-2楼
211.80.38.0-211.80.38.165	上海交通大学 番禺大厦
211.80.38.166	上海交通大学 教育部高温材料与高温测试重点实验室
211.80.38.167-211.80.39.255	上海交通大学 番禺大厦
211.80.40.0-211.80.40.255	上海交通大学
211.80.41.0-211.80.41.84	上海交通大学 徐汇区3号楼
211.80.41.85	上海交通大学 徐汇校区3号楼409
211.80.41.86-211.80.41.96	上海交通大学 徐汇区3号楼
211.80.41.97	上海交通大学 徐汇校区3号楼414
211.80.41.98-211.80.41.136	上海交通大学 徐汇区3号楼
211.80.41.137	上海交通大学 研3号楼318
211.80.41.138-211.80.41.147	上海交通大学 徐汇区3号楼
211.80.41.148	上海交通大学 研究生3号楼318
211.80.41.149-211.80.42.38	上海交通大学 徐汇校区3号楼
211.80.42.39	上海交通大学 徐汇校区3号楼307
211.80.42.40-211.80.42.78	上海交通大学 徐汇校区3号楼
211.80.42.79	上海交通大学 徐汇校区3号楼406
211.80.42.80-211.80.42.101	上海交通大学 徐汇校区3号楼
211.80.42.102	上海交通大学 徐汇小区3号楼416
211.80.42.103-211.80.42.255	上海交通大学 徐汇校区3号楼
211.80.43.0-211.80.43.255	上海交通大学
211.80.44.0-211.80.44.255	上海交通大学 徐汇校区
211.80.45.0-211.80.45.78	上海交通大学
211.80.45.79	上海交通大学 本部研9号楼316
211.80.45.80-211.80.45.255	上海交通大学
211.80.46.0-211.80.46.255	上海交通大学 执信西斋
211.80.47.0-211.80.47.255	上海交通大学 番禺大厦
211.80.48.0-211.80.48.255	上海交通大学
211.80.49.0-211.80.49.255	上海交通大学 番禺大厦
211.80.50.0-211.80.50.3	上海交通大学 南11幢
211.80.50.4	上海交通大学闵行校区 南11-108
211.80.50.5-211.80.51.2	上海交通大学 徐汇校区5号楼
211.80.51.3	上海交通大学 徐汇校区5号楼219
211.80.51.4-211.80.51.8	上海交通大学 徐汇校区5号楼
211.80.51.9-211.80.51.31	上海交通大学 南13幢
211.80.51.32	上海交通大学 南区13幢614
211.80.51.33-211.80.51.40	上海交通大学 南13幢
211.80.51.41	上海交通大学 南区13幢609室
211.80.51.42-211.80.51.70	上海交通大学 南13幢
211.80.51.71	上海交通大学 南区13幢617
211.80.51.72-211.80.51.210	上海交通大学 南13幢
211.80.51.211	上海交通大学 南14-304
211.80.51.212-211.80.51.255	上海交通大学 南13幢
211.80.52.0-211.80.52.19	上海交通大学 S15/16幢
211.80.52.20	上海交通大学 南区15幢301
211.80.52.21-211.80.52.45	上海交通大学 S15/16幢
211.80.52.46	上海交通大学 南区15幢306
211.80.52.47-211.80.52.50	上海交通大学 S15/16幢
211.80.52.51	上海交通大学 南区15幢304
211.80.52.52-211.80.52.64	上海交通大学 S15/16幢
211.80.52.65	上海交通大学 南区15幢307
211.80.52.66	上海交通大学 南区15幢303
211.80.52.67-211.80.52.71	上海交通大学 S15/16幢
211.80.52.72	上海交通大学 南区15幢301
211.80.52.73-211.80.52.75	上海交通大学 S15/16幢
211.80.52.76	上海交通大学 南区15幢306
211.80.52.77	上海交通大学闵行校区 S16-502
211.80.52.78-211.80.52.112	上海交通大学 S15/16幢
211.80.52.113	上海交通大学 南区16-204
211.80.52.114-211.80.52.128	上海交通大学 S15/16幢
211.80.52.129	上海交通大学 南区16-203
211.80.52.130-211.80.52.136	上海交通大学 S15/16幢
211.80.52.137	上海交通大学 S16幢-601
211.80.52.138-211.80.52.141	上海交通大学 S15/16幢
211.80.52.142	上海交通大学闵行校区 S16-604
211.80.52.143-211.80.52.188	上海交通大学 S15/16幢
211.80.52.189	上海交通大学 S16-204
211.80.52.190-211.80.52.211	上海交通大学 S15/16幢
211.80.52.212	上海交通大学闵行校区 S16-403
211.80.52.213-211.80.52.255	上海交通大学 S15/16幢
211.80.53.0-211.80.53.147	上海交通大学
211.80.53.148	上海交通大学闵行校区 S18楼
211.80.53.149-211.80.53.166	上海交通大学
211.80.53.167	上海交通大学闵行校区 S18栋
211.80.53.168-211.80.53.255	上海交通大学
211.80.54.0-211.80.54.255	上海交通大学闵行校区 N25栋
211.80.55.0-211.80.55.255	上海交通大学闵行校区 S21/22栋
211.80.56.0-211.80.56.2	上海交通大学闵行校区 S23/24栋
211.80.56.3	上海交通大学闵行校区 S23-501
211.80.56.4-211.80.56.8	上海交通大学闵行校区 S23/24栋
211.80.56.9	上海交通大学闵行校区 S23-502
211.80.56.10	上海交通大学闵行校区 南区23-505
211.80.56.11-211.80.56.20	上海交通大学闵行校区 S23/24栋
211.80.56.21	上海交通大学闵行校区 S23-503
211.80.56.22-211.80.56.29	上海交通大学闵行校区 S23/24栋
211.80.56.30	上海交通大学闵行校区 S27栋
211.80.56.31-211.80.56.42	上海交通大学闵行校区 S23/24栋
211.80.56.43	上海交通大学闵行校区 S23-215
211.80.56.44-211.80.56.47	上海交通大学闵行校区 S23/24栋
211.80.56.48	上海交通大学闵行校区 S23-317
211.80.56.49	上海交通大学闵行校区 S23/24栋
211.80.56.50	上海交通大学闵行校区 S23-315
211.80.56.51	上海交通大学闵行校区 S23/24栋
211.80.56.52	上海交通大学闵行校区 S23-316
211.80.56.53-211.80.56.66	上海交通大学闵行校区 S23/24栋
211.80.56.67	上海交通大学闵行校区 S23-106
211.80.56.68-211.80.56.75	上海交通大学闵行校区 S23/24栋
211.80.56.76	上海交通大学闵行校区 S23-216
211.80.56.77-211.80.56.87	上海交通大学闵行校区 S23/24栋
211.80.56.88	上海交通大学闵行校区 S23-102
211.80.56.89-211.80.56.90	上海交通大学闵行校区 S23/24栋
211.80.56.91	上海交通大学闵行校区 S23-108
211.80.56.92-211.80.56.255	上海交通大学闵行校区 S23/24栋
211.80.57.0-211.80.57.128	上海交通大学闵行校区 第4宿舍
211.80.57.129-211.80.57.255	上海交通大学闵行校区 第5宿舍
211.80.58.0-211.80.58.255	上海交通大学闵行校区 北26-28栋
211.80.59.0-211.80.59.56	上海交通大学闵行校区 北29-30幢
211.80.59.57	上海交通大学闵行校区 北29幢508
211.80.59.58-211.80.59.158	上海交通大学闵行校区 北29-30幢
211.80.59.159	上海交通大学闵行校区 北区30-407
211.80.59.160-211.80.59.182	上海交通大学闵行校区 北29-30幢
211.80.59.183	上海交通大学闵行校区 北区30-407
211.80.59.184-211.80.59.255	上海交通大学闵行校区 北29-30幢
211.80.60.0-211.80.60.255	上海交通大学闵行校区 北区D31
211.80.61.0-211.80.61.18	上海交通大学闵行校区 S32
211.80.61.19	上海交通大学闵行校区 S32-205
211.80.61.20-211.80.61.255	上海交通大学闵行校区 S32
211.80.62.0-211.80.62.255	上海交通大学
211.80.63.0-211.80.63.255	上海交通大学 北34
211.80.64.0-211.80.65.255	上海交通大学
211.80.80.0-211.80.80.7	上海交通大学闵行校区 D1
211.80.80.8	上海交通大学闵行校区 D1-407
211.80.80.9-211.80.80.18	上海交通大学闵行校区 D1
211.80.80.19	上海交通大学闵行校区 D1-110
211.80.80.20-211.80.80.30	上海交通大学闵行校区 D1
211.80.80.31	上海交通大学闵行校区 D11-101
211.80.80.32-211.80.80.46	上海交通大学闵行校区 D1
211.80.80.47	上海交通大学闵行校区 D11-626
211.80.80.48-211.80.80.61	上海交通大学闵行校区 D1
211.80.80.62	上海交通大学闵行校区 D1-626
211.80.80.63-211.80.80.86	上海交通大学闵行校区 D1
211.80.80.87	上海交通大学闵行校区 D1-423
211.80.80.88-211.80.80.138	上海交通大学闵行校区 D1
211.80.80.139	上海交通大学闵行校区 D1-214
211.80.80.140	上海交通大学闵行校区 D01-704
211.80.80.141	上海交通大学闵行校区 D1
211.80.80.142	上海交通大学闵行校区 D1-210
211.80.80.143-211.80.80.255	上海交通大学闵行校区 D1
211.80.81.0-211.80.81.255	上海交通大学闵行校区 校园无线网络
211.80.82.0-211.80.82.32	上海交通大学闵行校区 D3/D4/D6
211.80.82.33	上海交通大学闵行校区 D3-106
211.80.82.34-211.80.82.136	上海交通大学闵行校区 D3/D4/D6
211.80.82.137	上海交通大学闵行校区 D6-106
211.80.82.138-211.80.82.255	上海交通大学闵行校区 D3/D4/D6
211.80.83.0-211.80.83.100	上海交通大学闵行校区 D8
211.80.83.101-211.80.83.190	上海交通大学闵行校区 D9
211.80.83.191-211.80.83.222	上海交通大学闵行校区 D10
211.80.83.223	上海交通大学闵行校区 D1-102
211.80.83.224-211.80.83.255	上海交通大学闵行校区 D10
211.80.84.0-211.80.84.255	上海交通大学闵行校区 D11/D12
211.80.85.0	上海交通大学闵行校区 D13
211.80.85.1	上海交通大学闵行校区 D13-701
211.80.85.2-211.80.85.52	上海交通大学闵行校区 D13
211.80.85.53	上海交通大学闵行校区 D13-304
211.80.85.54	上海交通大学闵行校区 D13-307
211.80.85.55-211.80.85.197	上海交通大学闵行校区 D13/D14
211.80.85.198	上海交通大学闵行校区 D14-601
211.80.85.199-211.80.85.219	上海交通大学闵行校区 D13/D14
211.80.85.220	上海交通大学闵行校区 D14-605
211.80.85.221-211.80.85.255	上海交通大学闵行校区 D13/D14
211.80.86.0-211.80.87.255	上海交通大学闵行校区
211.80.88.0-211.80.88.7	上海交通大学闵行校区 D15
211.80.88.8	上海交通大学闵行校区 D15-307
211.80.88.9-211.80.88.13	上海交通大学闵行校区 D15
211.80.88.14	上海交通大学闵行校区 D15-319
211.80.88.15	上海交通大学闵行校区 D15
211.80.88.16	上海交通大学闵行校区 东区15幢211
211.80.88.17-211.80.88.43	上海交通大学闵行校区 D15
211.80.88.44	上海交通大学闵行校区 D15-212
211.80.88.45-211.80.88.75	上海交通大学闵行校区 D15
211.80.88.76	上海交通大学闵行校区 D16-305
211.80.88.77	上海交通大学闵行校区 D16-410
211.80.88.78-211.80.88.80	上海交通大学闵行校区 D15
211.80.88.81	上海交通大学闵行校区 D15-215
211.80.88.82-211.80.88.87	上海交通大学闵行校区 D15
211.80.88.88	上海交通大学闵行校区 D15-214
211.80.88.89	上海交通大学闵行校区 D15-911
211.80.88.90-211.80.88.99	上海交通大学闵行校区 D15
211.80.88.100	上海交通大学闵行校区 D15-812
211.80.88.101-211.80.88.109	上海交通大学闵行校区 D15
211.80.88.110	上海交通大学闵行校区 D16-408
211.80.88.111-211.80.88.127	上海交通大学闵行校区 D15
211.80.88.128	上海交通大学闵行校区 D15-118
211.80.88.129-211.80.88.150	上海交通大学闵行校区 D15
211.80.88.151	上海交通大学闵行校区 D15-506
211.80.88.152-211.80.88.168	上海交通大学闵行校区 D15
211.80.88.169-211.80.88.170	上海交通大学闵行校区 D15-209
211.80.88.171-211.80.88.183	上海交通大学闵行校区 D15
211.80.88.184	上海交通大学闵行校区 D15-211
211.80.88.185-211.80.88.195	上海交通大学闵行校区 D15
211.80.88.196	上海交通大学闵行校区 D15-320
211.80.88.197-211.80.88.255	上海交通大学闵行校区 D15
211.80.89.0-211.80.89.78	上海交通大学闵行校区 D16
211.80.89.79	上海交通大学闵行校区 D16-000
211.80.89.80-211.80.89.81	上海交通大学闵行校区 D16
211.80.89.82	上海交通大学闵行校区 D16-102
211.80.89.83-211.80.89.119	上海交通大学闵行校区 D16
211.80.89.120	上海交通大学闵行校区 D16-201
211.80.89.121-211.80.89.145	上海交通大学闵行校区 D16
211.80.89.146	上海交通大学闵行校区 D16-205
211.80.89.147-211.80.89.150	上海交通大学闵行校区 D16
211.80.89.151	上海交通大学闵行校区 D16-203
211.80.89.152-211.80.89.163	上海交通大学闵行校区 D16
211.80.89.164	上海交通大学闵行校区 D16-220
211.80.89.165-211.80.89.179	上海交通大学闵行校区 D16
211.80.89.180	上海交通大学闵行校区 D16-222室
211.80.89.181-211.80.89.255	上海交通大学闵行校区 D16
211.80.90.0-211.80.90.4	上海交通大学闵行校区 D17
211.80.90.5	上海交通大学闵行校区 D17-114
211.80.90.6	上海交通大学闵行校区 D17
211.80.90.7	上海交通大学闵行校区 D17-402
211.80.90.8-211.80.90.13	上海交通大学闵行校区 D17
211.80.90.14	上海交通大学闵行校区 D17-405
211.80.90.15-211.80.90.27	上海交通大学闵行校区 D17
211.80.90.28	上海交通大学闵行校区 D17-501
211.80.90.29-211.80.90.43	上海交通大学闵行校区 D17
211.80.90.44	上海交通大学闵行校区 D17-504
211.80.90.45-211.80.90.63	上海交通大学闵行校区 D17
211.80.90.64	上海交通大学闵行校区 D17-503
211.80.90.65-211.80.90.67	上海交通大学闵行校区 D17
211.80.90.68	上海交通大学闵行校区 d17-209
211.80.90.69-211.80.90.70	上海交通大学闵行校区 D17
211.80.90.71	上海交通大学闵行校区 D17-404
211.80.90.72-211.80.90.73	上海交通大学闵行校区 D17
211.80.90.74	上海交通大学闵行校区 D17-305
211.80.90.75	上海交通大学闵行校区 D17
211.80.90.76	上海交通大学闵行校区 D17-401
211.80.90.77-211.80.90.95	上海交通大学闵行校区 D17
211.80.90.96-211.80.90.120	上海交通大学闵行校区 D18
211.80.90.121	上海交通大学闵行校区 D18-413
211.80.90.122	上海交通大学闵行校区 D18
211.80.90.123	上海交通大学闵行校区 D18-122
211.80.90.124-211.80.90.133	上海交通大学闵行校区 D18
211.80.90.134	上海交通大学闵行校区 D18-204
211.80.90.135-211.80.90.152	上海交通大学闵行校区 D18
211.80.90.153	上海交通大学闵行校区 D18-505
211.80.90.154-211.80.90.158	上海交通大学闵行校区 D18
211.80.90.159	上海交通大学闵行校区 D18-459
211.80.90.160	上海交通大学闵行校区 D18-412
211.80.90.161	上海交通大学闵行校区 D18-425
211.80.90.162-211.80.90.255	上海交通大学闵行校区 D18
211.80.91.0-211.80.91.32	上海交通大学闵行校区 D19
211.80.91.33	上海交通大学闵行校区 D19-126
211.80.91.34-211.80.91.38	上海交通大学闵行校区 D19
211.80.91.39	上海交通大学闵行校区 D-19栋618
211.80.91.40-211.80.91.44	上海交通大学闵行校区 D19
211.80.91.45	上海交通大学闵行校区 D19-629
211.80.91.46-211.80.91.58	上海交通大学闵行校区 D19
211.80.91.59	上海交通大学闵行校区 D19-109
211.80.91.60	上海交通大学闵行校区 D19-111
211.80.91.61-211.80.91.63	上海交通大学闵行校区 D19
211.80.91.64	上海交通大学闵行校区 D19-127
211.80.91.65-211.80.91.86	上海交通大学闵行校区 D19
211.80.91.87	上海交通大学闵行校区 D19-414
211.80.91.88-211.80.91.132	上海交通大学闵行校区 D19
211.80.91.133	上海交通大学闵行校区 D19-321
211.80.91.134-211.80.91.135	上海交通大学闵行校区 D19
211.80.91.136	上海交通大学闵行校区 东19楼323
211.80.91.137-211.80.91.139	上海交通大学闵行校区 D19
211.80.91.140	上海交通大学闵行校区 D19-331
211.80.91.141	上海交通大学闵行校区 D19-418
211.80.91.142-211.80.91.145	上海交通大学闵行校区 D19
211.80.91.146	上海交通大学闵行校区 D19-330
211.80.91.147	上海交通大学闵行校区 D19
211.80.91.148	上海交通大学闵行校区 D19-110
211.80.91.149-211.80.91.153	上海交通大学闵行校区 D19
211.80.91.154	上海交通大学闵行校区 D19-335
211.80.91.155-211.80.91.165	上海交通大学闵行校区 D19
211.80.91.166	上海交通大学闵行校区 D19-322
211.80.91.167	上海交通大学闵行校区 D19
211.80.91.168	上海交通大学闵行校区 D19-319
211.80.91.169-211.80.91.175	上海交通大学闵行校区 D19
211.80.91.176	上海交通大学闵行校区 D19-336
211.80.91.177-211.80.91.178	上海交通大学闵行校区 D19
211.80.91.179	上海交通大学闵行校区 D19-333
211.80.91.180-211.80.91.182	上海交通大学闵行校区 D19
211.80.91.183	上海交通大学闵行校区 D19-332
211.80.91.184-211.80.91.185	上海交通大学闵行校区 D19
211.80.91.186	上海交通大学闵行校区 D19-125
211.80.91.187	上海交通大学闵行校区 D19
211.80.91.188	上海交通大学闵行校区 D19-420
211.80.91.189-211.80.91.255	上海交通大学闵行校区 D19
211.80.92.0-211.80.95.255	上海交通大学闵行校区
218.193.176.0-218.193.176.100	上海交通大学闵行校区 D-20楼
218.193.176.101	上海交通大学闵行校区 D20-318
218.193.176.102-218.193.176.136	上海交通大学闵行校区 D-20楼
218.193.176.137	上海交通大学闵行校区 D-21楼
218.193.176.138	上海交通大学闵行校区 D-20楼
218.193.176.139	上海交通大学闵行校区 D20-417
218.193.176.140-218.193.176.155	上海交通大学闵行校区 D-20楼
218.193.176.156	上海交通大学闵行校区 D-20_504
218.193.176.157-218.193.176.158	上海交通大学闵行校区 D-20楼
218.193.176.159	上海交通大学闵行校区 D20-506
218.193.176.160-218.193.176.172	上海交通大学闵行校区 D-20楼
218.193.176.173	上海交通大学闵行校区 D20-513
218.193.176.174-218.193.176.194	上海交通大学闵行校区 D-20楼
218.193.176.195	上海交通大学闵行校区 D-20楼603
218.193.176.196-218.193.176.222	上海交通大学闵行校区 D-20楼
218.193.176.223	上海交通大学闵行校区 D-20楼617
218.193.176.224-218.193.176.255	上海交通大学闵行校区 D-20楼
218.193.177.0-218.193.177.255	上海交通大学闵行校区 D-21楼
218.193.178.0-218.193.178.4	上海交通大学闵行校区 D22
218.193.178.5	上海交通大学闵行校区 D22-103
218.193.178.6-218.193.178.10	上海交通大学闵行校区 D22
218.193.178.11	上海交通大学闵行校区 D22-106
218.193.178.12-218.193.178.18	上海交通大学闵行校区 D22
218.193.178.19	上海交通大学闵行校区 D22-506
218.193.178.20-218.193.178.67	上海交通大学闵行校区 D22
218.193.178.68	上海交通大学闵行校区 D22-321
218.193.178.69	上海交通大学闵行校区 D22-606
218.193.178.70-218.193.178.83	上海交通大学闵行校区 D22
218.193.178.84	上海交通大学闵行校区 D22-211
218.193.178.85-218.193.178.136	上海交通大学闵行校区 D22
218.193.178.137	上海交通大学闵行校区 D22-416
218.193.178.138-218.193.178.156	上海交通大学闵行校区 D22
218.193.178.157	上海交通大学闵行校区 D22-505
218.193.178.158	上海交通大学闵行校区 D22
218.193.178.159	上海交通大学闵行校区 D22-506
218.193.178.160-218.193.178.200	上海交通大学闵行校区 D22
218.193.178.201	上海交通大学闵行校区 D22-606
218.193.178.202-218.193.178.206	上海交通大学闵行校区 D22
218.193.178.207	上海交通大学闵行校区 D22-609
218.193.178.208-218.193.178.255	上海交通大学闵行校区 D22
218.193.179.0-218.193.179.2	上海交通大学闵行校区 D23
218.193.179.3	上海交通大学闵行校区 D23-102
218.193.179.4	上海交通大学闵行校区 D23
218.193.179.5	上海交通大学闵行校区 D23-103
218.193.179.6	上海交通大学闵行校区 D23
218.193.179.7	上海交通大学闵行校区 D23-104
218.193.179.8-218.193.179.12	上海交通大学闵行校区 D23
218.193.179.13	上海交通大学闵行校区 D23-107
218.193.179.14-218.193.179.27	上海交通大学闵行校区 D23
218.193.179.28	上海交通大学闵行校区 D23-103
218.193.179.29-218.193.179.55	上海交通大学闵行校区 D23
218.193.179.56	上海交通大学闵行校区 D23-107
218.193.179.57-218.193.179.62	上海交通大学闵行校区 D23
218.193.179.63	上海交通大学闵行校区 D23-309
218.193.179.64-218.193.179.110	上海交通大学闵行校区 D23
218.193.179.111	上海交通大学闵行校区 D23-501
218.193.179.112	上海交通大学闵行校区 D23
218.193.179.113	上海交通大学闵行校区 D23-502
218.193.179.114	上海交通大学闵行校区 D23
218.193.179.115	上海交通大学闵行校区 D23-503
218.193.179.116	上海交通大学闵行校区 D23
218.193.179.117	上海交通大学闵行校区 D23-504
218.193.179.118	上海交通大学闵行校区 D23
218.193.179.119	上海交通大学闵行校区 D23-505
218.193.179.120	上海交通大学闵行校区 D23
218.193.179.121	上海交通大学闵行校区 D23-506
218.193.179.122	上海交通大学闵行校区 D23
218.193.179.123	上海交通大学闵行校区 D23-507
218.193.179.124	上海交通大学闵行校区 D23
218.193.179.125	上海交通大学闵行校区 D23-508
218.193.179.126	上海交通大学闵行校区 D23
218.193.179.127	上海交通大学闵行校区 D23-509
218.193.179.128	上海交通大学闵行校区 D23
218.193.179.129	上海交通大学闵行校区 D23-510
218.193.179.130	上海交通大学闵行校区 D23
218.193.179.131	上海交通大学闵行校区 D23-511
218.193.179.132	上海交通大学闵行校区 D23
218.193.179.133	上海交通大学闵行校区 D23-512
218.193.179.134	上海交通大学闵行校区 D23
218.193.179.135	上海交通大学闵行校区 D23-513
218.193.179.136-218.193.179.150	上海交通大学闵行校区 D23
218.193.179.151	上海交通大学闵行校区 D23-605
218.193.179.152-218.193.179.255	上海交通大学闵行校区 D23
218.193.180.0-218.193.180.35	上海交通大学闵行校区 D24
218.193.180.36-218.193.180.38	上海交通大学闵行校区 D24楼321
218.193.180.39-218.193.180.132	上海交通大学闵行校区 D24
218.193.180.133	上海交通大学闵行校区 D24-414
218.193.180.134	上海交通大学闵行校区 D24
218.193.180.135	上海交通大学闵行校区 D24-415
218.193.180.136-218.193.180.151	上海交通大学闵行校区 D24
218.193.180.152-218.193.180.154	上海交通大学闵行校区 D26楼312
218.193.180.155	上海交通大学闵行校区 D24-504
218.193.180.156-218.193.180.255	上海交通大学闵行校区 D24
218.193.181.0-218.193.181.255	上海交通大学闵行校区 校园无线网
218.193.182.0-218.193.182.255	上海交通大学闵行校区 D26
218.193.183.0-218.193.183.3	上海交通大学闵行校区 D27
218.193.183.4	上海交通大学闵行校区 D27-205
218.193.183.5	上海交通大学闵行校区 D26-110
218.193.183.6-218.193.183.8	上海交通大学闵行校区 D27
218.193.183.9	上海交通大学闵行校区 D27-323
218.193.183.10-218.193.183.16	上海交通大学闵行校区 D27
218.193.183.17	上海交通大学闵行校区 D27-109
218.193.183.18-218.193.183.34	上海交通大学闵行校区 D27
218.193.183.35	上海交通大学闵行校区 D27-707
218.193.183.36-218.193.183.38	上海交通大学闵行校区 D27
218.193.183.39	上海交通大学闵行校区 D27-205
218.193.183.40-218.193.183.42	上海交通大学闵行校区 D27/D26
218.193.183.43-218.193.183.44	上海交通大学闵行校区 D27-207
218.193.183.45-218.193.183.47	上海交通大学闵行校区 D27/D26
218.193.183.48	上海交通大学闵行校区 D27-209
218.193.183.49-218.193.183.50	上海交通大学闵行校区 D27/D26
218.193.183.51	上海交通大学闵行校区 D27-211
218.193.183.52	上海交通大学闵行校区 D27/D26
218.193.183.53-218.193.183.54	上海交通大学闵行校区 D27-212
218.193.183.55-218.193.183.59	上海交通大学闵行校区 D27/D26
218.193.183.60	上海交通大学闵行校区 D27-254
218.193.183.61	上海交通大学闵行校区 D27-255
218.193.183.62	上海交通大学闵行校区 D27/D26
218.193.183.63	上海交通大学闵行校区 D27-217
218.193.183.64-218.193.183.73	上海交通大学闵行校区 D27/D26
218.193.183.74	上海交通大学闵行校区 D27-222
218.193.183.75-218.193.183.78	上海交通大学闵行校区 D27/D26
218.193.183.79	上海交通大学闵行校区 D27-225
218.193.183.80-218.193.183.86	上海交通大学闵行校区 D27/D26
218.193.183.87	上海交通大学闵行校区 D27-304
218.193.183.88-218.193.183.90	上海交通大学闵行校区 D27/D26
218.193.183.91	上海交通大学闵行校区 D27-112
218.193.183.92-218.193.183.112	上海交通大学闵行校区 D27/D26
218.193.183.113	上海交通大学闵行校区 D27-317
218.193.183.114	上海交通大学闵行校区 D27/D26
218.193.183.115	上海交通大学闵行校区 D27-318
218.193.183.116	上海交通大学闵行校区 D27/D26
218.193.183.117	上海交通大学闵行校区 D27-319
218.193.183.118-218.193.183.128	上海交通大学闵行校区 D27/D26
218.193.183.129	上海交通大学闵行校区 D27-325
218.193.183.130-218.193.183.131	上海交通大学闵行校区 D27/D26
218.193.183.132	上海交通大学闵行校区 D27-325
218.193.183.133-218.193.183.143	上海交通大学闵行校区 D27/D26
218.193.183.144	上海交通大学闵行校区 D27-325
218.193.183.145-218.193.183.161	上海交通大学闵行校区 D27/D26
218.193.183.162	上海交通大学闵行校区 D27-206
218.193.183.163-218.193.184.20	上海交通大学闵行校区 D27/D26
218.193.184.21	上海交通大学闵行校区 D26-511
218.193.184.22-218.193.184.40	上海交通大学闵行校区 D27/D26
218.193.184.41	上海交通大学闵行校区 D26楼521
218.193.184.42-218.193.184.129	上海交通大学闵行校区 D27/D26
218.193.184.130	上海交通大学闵行校区 D27-911
218.193.184.131-218.193.184.154	上海交通大学闵行校区 D27
218.193.184.155	上海交通大学闵行校区 D27-614
218.193.184.156-218.193.184.168	上海交通大学闵行校区 D27
218.193.184.169	上海交通大学闵行校区 D27-621
218.193.184.170-218.193.184.255	上海交通大学闵行校区 D27
218.193.185.0-218.193.185.255	上海交通大学闵行校区 D28
218.193.186.0-218.193.187.240	上海交通大学闵行校区 D29
218.193.187.241	上海交通大学闵行校区 D29-523
218.193.187.242-218.193.187.255	上海交通大学闵行校区 D29
218.193.188.0-218.193.188.56	上海交通大学闵行校区 D30
218.193.188.57-218.193.188.58	上海交通大学闵行校区 D30-414
218.193.188.59-218.193.188.66	上海交通大学闵行校区 D30
218.193.188.67	上海交通大学闵行校区 D30-403
218.193.188.68-218.193.188.95	上海交通大学闵行校区 D30
218.193.188.96	上海交通大学闵行校区 D30-413
218.193.188.97-218.193.188.106	上海交通大学闵行校区 D30
218.193.188.107	上海交通大学闵行校区 D30-413
218.193.188.108-218.193.188.255	上海交通大学闵行校区 D30
218.193.189.0-218.193.189.255	上海交通大学闵行校区 D31
218.193.190.0-218.193.190.255	上海交通大学闵行校区 D32
218.193.191.0-218.193.191.255	上海交通大学闵行校区 D33
219.228.96.0-219.228.96.202	上海交通大学 闵行校区西35幢
219.228.96.203	上海交通大学 闵行校区西36幢104
219.228.96.204-219.228.96.255	上海交通大学 闵行校区西35幢
219.228.97.0-219.228.97.255	上海交通大学 闵行校区西37栋
219.228.98.0-219.228.98.255	上海交通大学 闵行校区37/38舍
219.228.99.0-219.228.101.135	上海交通大学
219.228.101.136	上海交通大学 闵行校区西42栋2034
219.228.101.137-219.228.101.140	上海交通大学 闵行42楼
219.228.101.141	上海交通大学 闵行校区西42舍203
219.228.101.142-219.228.101.196	上海交通大学 闵行42楼
219.228.101.197	上海交通大学 闵行校区西42栋3013D
219.228.101.198-219.228.101.255	上海交通大学 闵行42楼
219.228.102.0-219.228.103.255	上海交通大学 闵行校区无线网络
219.228.104.0-219.228.104.255	上海交通大学
219.228.105.0-219.228.105.255	上海交通大学 闵行47
219.228.106.0-219.228.109.255	上海交通大学
219.228.110.0-219.228.110.255	上海交通大学 闵行校区西52舍
219.228.111.0-219.228.111.255	上海交通大学 西53
219.228.112.0-219.228.112.255	上海交通大学 研究生57栋
219.228.113.0-219.228.113.255	上海交通大学 西55
219.228.114.0-219.228.114.255	上海交通大学
219.228.115.0-219.228.115.255	上海交通大学 闵行校区西58舍
219.228.116.0-219.228.117.255	上海交通大学 闵行校区西59#
219.228.118.0-219.228.119.255	上海交通大学
219.228.120.0-219.228.120.255	上海交通大学 闵行校区西65#
219.228.121.0-219.228.121.255	上海交通大学 闵行校区西66#
219.228.122.0-219.228.124.255	上海交通大学
219.228.125.0-219.228.125.255	上海交通大学 闵行校区68#
219.228.126.0-219.228.126.255	上海交通大学 闵行校区西70
222.66.71.116-222.66.71.119	上海市 上海交通大学闵行校区